Name,Phone,Rating,Website,Address
Giyanti Coffee Roastery,02131923698,4.6,http://www.giyanticoffeeroastery.com,"Surabaya St No.20, RT.15/RW.5, Menteng, Central Jakarta City, Jakarta 10310"
Lucky Cat Coffee & Kitchen,02152961475,4.4,https://www.instagram.com/luckycatcoffeekitchen,"Parkir Selatan Plaza Festival, Jl. H. R. Rasuna Said No.C22 2, RT.2/RW.5, Karet Kuningan, Kecamatan Setiabudi, Kota Jakarta Selatan, Daerah Khusus Ibukota Jakarta 12940"
Empo Coffee Roastery Jakarta Pusat,081806820000,4.9,https://empocoffee.id,"Sebelah Bank BNI 46, Jl. Bendungan Hilir Blok G1 No 2, Lantai Dasar, RT.11/RW.3, Bend. Hilir, Kecamatan Tanah Abang, Kota Jakarta Pusat, Daerah Khusus Ibukota Jakarta 10210"
Koultoura Coffee - Sudirman,,4.6,,"Jl. K.H. Mas Mansyur No.12 Kav. 24, RT.12/RW.11, Karet Tengsin, Tanah Abang, Central Jakarta City, Jakarta 10220"
Kopikalyan Archive - Cafe Senopati,02138250254,4.5,http://www.kopikalyan.com,"Jl. Cikajang No.5, RT.1/RW.5, Petogogan, Kec. Kby. Baru, Kota Jakarta Selatan, Daerah Khusus Ibukota Jakarta 12170"
"1/15 Coffee, Menteng",081290002128,4.5,http://www.1-15coffee.com,"Jl. Dr. Kusuma Atmaja No.79 10, RT.10/RW.4, Menteng, Kec. Menteng, Kota Jakarta Pusat, Daerah Khusus Ibukota Jakarta 10310"
Six Ounces Coffee,081295592233,4.6,http://www.instagram.com/sixounces.coffee,"Jalan Kelapa Puan Timur 2 Blok NB2 No. 1, Kelapa Gading, RT.2/RW.12, Pegangsaan Dua, Kelapa Gading, North Jakarta City, Jakarta 14240"
Monarki Coffee,081318077244,4.5,,"Jl. Kb. Pala I, RT.2/RW.16, Kb. Melati, Kecamatan Tanah Abang, Kota Jakarta Pusat, Daerah Khusus Ibukota Jakarta 10230"
Guten Mørgen Coffee Lab & Shop Tomang,08119155545,4.6,https://www.instagram.com/gutenmorgencoffeelab,"Jl. Mandala Utara No.29C 17, RT.17/RW.4, Tomang, Kec. Grogol petamburan, Kota Jakarta Barat, Daerah Khusus Ibukota Jakarta 11440"
Pison Jakarta,02127081698,4.6,,"Jl. Kertanegara Jl. Senopati No.70, RT.10/RW.3, Rw. Bar., Kec. Kby. Baru, Kota Jakarta Selatan, Daerah Khusus Ibukota Jakarta 12160"
